product_name,unit_price,archetype,corpus_count
es teh,5000,fast,38
es jeruk,7000,fast,23
teh hangat,5000,fast,19
air es,2000,fast,15
pulpen,5000,fast,15
garam,6000,fast,14
gula,17000,fast,14
air putih,2000,fast,13
nasi kotak,25000,fast,12
snack,15000,fast,12
gorengan,2000,fast,11
es campur,15000,fast,10
es kelapa,7000,fast,10
hvs a 4 sidu,55000,fast,10
gula pasir,13000,fast,9
mie goreng,15000,fast,9
minyak goreng,16000,fast,9
nasi goreng,15000,fast,9
penghapus,4000,fast,9
telur,2500,fast,9
tepung,18000,steady,9
buku gambar,12000,steady,8
kopi,2000,steady,8
lemper,2500,steady,8
risoles,2500,steady,8
lontong,4000,steady,7
peraut,2000,steady,7
soto ayam,18000,steady,7
stapler,15000,steady,7
teh,5500,steady,7
tepung terigu,12000,steady,7
tipe x,7000,steady,7
arem arem,2500,steady,6
blue band,8000,steady,6
bolu kukus,2000,steady,6
brosur,2000,steady,6
charger hp,60000,steady,6
nastar 1 kg,68000,steady,6
penggaris,5000,steady,6
pensil,4500,steady,6
putri salju 1 kg,65000,steady,6
putu ayu,2500,steady,6
semprit 1 kg,60000,steady,6
cucur,2000,steady,5
cutter,7000,steady,5
earphone,45000,steady,5
ganti baterai,150000,steady,5
hvs a 3 sidu,96000,steady,5
indomie,3000,steady,5
nasi sop,17000,steady,5
sate ayam,2000,steady,5
spanduk,35000,steady,5
sticky note,8000,steady,5
teh celup,6000,steady,5
telur ayam,2000,steady,5
buku tulis pack,48000,steady,4
es teh tawar,3000,steady,4
gunting,8000,steady,4
kentang balado,17000,steady,4
kertas hvs a 4,45000,steady,4
kopi sachet,2000,intermittent,4
lakban bening,15000,intermittent,4
margarin,8000,intermittent,4
nasi mawut,15000,intermittent,4
pisang goreng,2000,intermittent,4
pulpen pack,24000,intermittent,4
rawon,22000,intermittent,4
bakaran paha,6000,intermittent,3
bakwan,2000,intermittent,3
bubur ayam,15000,intermittent,3
es durian semok,28000,intermittent,3
es susu putih,7000,intermittent,3
es teler,25000,intermittent,3
ganti kabel,25000,intermittent,3
indomie ayam,21000,intermittent,3
isolasi,17000,intermittent,3
kastengel 1 kg,130000,intermittent,3
kerupuk,3000,intermittent,3
lem fox,15000,intermittent,3
mie kari ayam,3000,intermittent,3
mie soto banjar,3500,intermittent,3
minyak goreng 1 l,17000,intermittent,3
mouse,50000,intermittent,3
nasi pecel,25000,intermittent,3
nota kontan,6000,intermittent,3
paha bakar,8000,intermittent,3
pentol bakar,5000,intermittent,3
pisang keju,18000,intermittent,3
roti bakar coklat,17000,intermittent,3
roti keju,120000,intermittent,3
roti nanas,11000,intermittent,3
sate bebek,2500,intermittent,3
servis kipas angin,50000,intermittent,3
sosis bakar,10000,intermittent,3
steropom,10000,intermittent,3
stop map,2000,intermittent,3
tahu isi,2000,intermittent,3
telur bebek,3000,intermittent,3
telur puyuh,500,intermittent,3
air mineral,2000,intermittent,2
anti gores,20000,intermittent,2
ayam gami teri,36000,intermittent,2
ayam sambal gami,36000,intermittent,2
ayam sambal korek,23000,intermittent,2
bakaran kulit,3000,intermittent,2
bakaran sayap,7000,intermittent,2
bakaran usus,4000,intermittent,2
bakso,20000,intermittent,2
bebek lalapan,48000,intermittent,2
buku tulis,45000,intermittent,2
capcay kuah ayam,23000,intermittent,2
casing hp,35000,intermittent,2
cetak foto 30 r,150000,intermittent,2
cuci motor,10000,intermittent,2
deterjen,15000,intermittent,2
donat,2000,intermittent,2
es buah,23000,intermittent,2
es campur durian,35000,intermittent,2
es oyen durian,28000,intermittent,2
es susu coklat,8000,intermittent,2
es teler durian,35000,lumpy,2
extra joss susu,11000,lumpy,2
gado gado,17000,lumpy,2
ganti busi,15000,lumpy,2
ganti oli motor,45000,lumpy,2
gorengan pisang,2000,lumpy,2
hvs a 3,500,lumpy,2
jasa pengecekan,20000,lumpy,2
jeruk hangat,7000,lumpy,2
jus mangga,17000,lumpy,2
kabel hdmi,45000,lumpy,2
kacang telor 1 kg,30000,lumpy,2
kertas folio,25000,lumpy,2
kopi hitam,7000,lumpy,2
kue cincin,1500,lumpy,2
kulit bakar,3000,lumpy,2
lakban hitam,13000,lumpy,2
lidah kucing 1 kg,125000,lumpy,2
map plastik,5000,lumpy,2
mentega,18000,lumpy,2
mie bancir telor,21000,lumpy,2
mie rebus,8000,lumpy,2
nasi ayam kremes,25000,lumpy,2
nasi bakar ayam,12000,lumpy,2
nasi bakar teri,12000,lumpy,2
nasi campur,20000,lumpy,2
nasi goreng ayam,26000,lumpy,2
nasi sop ceker,30000,lumpy,2
pas foto 2 x 3,1000,lumpy,2
pas foto 4 x 6,1500,lumpy,2
patin sambal gami,36000,lumpy,2
pop mie,10000,lumpy,2
roti abon,11000,lumpy,2
roti bakar keju,17000,lumpy,2
roti coklat,10000,lumpy,2
sayap bakar,7000,lumpy,2
semen,65000,lumpy,2
sempol ayam,2000,lumpy,2
sempol kulit,2000,lumpy,2
servis tombol power,150000,lumpy,2
sirup botol,18000,lumpy,2
soto banjar,20000,lumpy,2
sterofom,12000,lumpy,2
susu kental manis,13000,lumpy,2
tahu bacem,2000,lumpy,2
tahu penyet,11000,lumpy,2
teh kotak dus,66000,lumpy,2
tela tela bbq,17000,lumpy,2
telor puyuh,5000,lumpy,2
usus bakar,3000,lumpy,2
1 kg,55000,slow,1
300,25000,slow,1
air mineral botol,3000,slow,1
air mineral dus,22000,slow,1
air mineral proof,24000,slow,1
ayam asam manis,30000,slow,1
ayam dabu dabu,36000,slow,1
ayam geprek korek,25000,slow,1
ayam geprek pete,23000,slow,1
ayam geprek teri,23000,slow,1
ayam kremes lalapan,22000,slow,1
ayam lalapan,22000,slow,1
ayam sambal matah,23000,slow,1
baju lengan panjang,125000,slow,1
baju lengan pendek,120000,slow,1
bakar,3000,slow,1
bakaran leher,5000,slow,1
baking,10000,slow,1
bancir biasa,18000,slow,1
baskom,8000,slow,1
batu asahan,5000,slow,1
bawal sambal gami,40000,slow,1
bawan,2000,slow,1
bebek sambal gami,48000,slow,1
beli bantal,45000,slow,1
benang jahit,2500,slow,1
beras lahap 5 kg,68000,slow,1
beras lele 5 kg,85000,slow,1
beras mangkok 10 kg,121000,slow,1
beras mangkok 5,82000,slow,1
